,Network,Network2,Network3,Basic Linear,Basic Exp,Basic Log,Basic Qua,G&R
0,3813.1672734856606,3939.7767913269995,3722.500868639946,2281.383304882455,1030.9016581771257,1253.737085902528,4172.1159883534865,275.035
1,1630.6904425747446,1955.226294919754,1683.8811332449966,679.5583735578482,767116.3210237321,1827185.8665765044,748.0583688846312,92.806275
2,2051.6214578190447,2094.1305744937063,1989.250199844092,931.7744863960493,416.2870830266066,368.2431830883478,2016.5558893471054,1118.4163293242455
3,585.7865500416455,740.6427628593858,570.1017267193828,167.68145503774724,389805.69709891506,337265.4018559982,231.6623526635674,0.0
4,1772.95,1793.36,1760.6,1132.91,569.89,637.41,1197.86,550.07
5,352.5275000000001,405.1304,376.65999999999985,318.1019,109504.8779,173755.10189999998,104.2604,371.2251
6,0.0,0.0,0.0,0.47,0.94,0.85,0.37,1.0
7,0.0,0.0,0.0,0.24409999999999993,0.1764,0.1275,0.2281,0.0
