,Network,Network2,Network3,Basic Linear,Basic Exp,Basic Log,Basic Qua,G&R
0,1358.7807572094803,1361.7831545603685,1262.2754337393092,918.7836151413536,643.0083168060497,776.8598699886426,566.1190535123419,11.155000000000003
1,592.0520424759721,463.6906332060056,350.8558973414654,128.690184769644,43611.45992092579,164907.27718099856,27.668847537940152,1.2310750000000001
2,235.7866454872956,236.03929742967384,205.3648297802289,223.11491721480022,133.35817768340058,133.018899121689,223.59307267443262,221.40665447711942
3,20.84017279596057,15.882813141932843,11.821798527140409,10.08581697161311,6298.209085413949,2515.2446379506755,4.292251703232913,8.077935669463161e-28
4,582.91,583.14,548.57,224.22,335.87,440.53,106.95,111.55
5,140.0819,120.82039999999999,118.88510000000002,10.251599999999998,18739.9731,5411.209099999999,0.9874999999999997,123.10749999999999
6,38.790000000000006,38.49952380952381,39.626666666666665,47.24523809523809,44.78857142857142,42.09095238095239,49.979047619047606,49.78380952380952
7,1.077283219954648,0.9435145124716554,1.0337741496598642,1.0642346938775515,10.49493514739229,4.105627891156463,1.3668172335600908,1.3548489795918377
