,Network,Network2,Network3,Basic Linear,Basic Exp,Basic Log,Basic Qua,G&R
0,3906.232933514118,4040.73961006403,3730.3757962942123,2270.232074086233,1044.5791740318864,1050.9140105854901,4125.879289060238,274.285
1,1899.618719417949,1599.8841831547804,1463.0150240104817,880.248407243228,697899.7497581712,971497.9631273559,819.7617658287226,143.36127499999998
2,2109.324290373176,2160.266355250627,2011.7328090889753,912.9505369247719,388.5130459409741,274.1602858917569,2014.372942493843,1118.0186782479286
3,686.743495139078,518.2295087478275,562.4816972322576,237.73587241547241,334184.056503855,132984.15563800017,290.02858612900263,0.0
4,1785.12,1808.18,1761.0,1114.48,587.69,578.26,1210.03,548.57
5,396.7256,320.36760000000004,326.04,499.2896000000001,118315.25390000001,113967.97239999998,147.54909999999998,573.4450999999999
6,10.675238095238097,10.11190476190476,11.165238095238092,26.241904761904767,38.536190476190484,38.850476190476186,24.071428571428573,39.37047619047619
7,0.4567519274376417,0.38287414965986377,0.47122244897959176,1.13631201814059,66.92810068027211,65.22766530612245,0.5849659863945579,0.8691873015873017
