,Network,Network2,Network3,Basic Linear,Basic Exp,Basic Log,Basic Qua,G&R
0,3058.5328171110154,3036.650778040886,2778.920949736834,2307.5470147510055,1017.8717272266548,1247.0664862135634,3510.9056150307947,274.665
1,1392.0244992033238,1279.369361419086,1695.8383488891586,905.9945885364297,566752.8627769959,1484264.7572235707,457.36989864929456,92.720275
2,1644.938291567117,1608.273685299307,1474.323022799641,931.2234939127243,377.07167887409474,308.85004700445756,1568.6297196585788,1117.8916193246841
3,535.8208695647832,415.6164486978591,576.7665878370173,218.89446740342518,260281.28631696594,221613.13478610784,111.70673507765126,0.0
4,1636.98,1634.38,1579.59,1132.63,556.07,628.99,859.15,549.33
5,398.91960000000006,370.3956000000001,548.0619,405.1130999999999,87748.98509999999,134590.3499,38.82749999999999,370.8811
6,14.062380952380952,14.217619047619046,15.460476190476191,25.92809523809524,39.33952380952381,37.76047619047619,32.33761904761904,39.455714285714286
7,0.46424920634920647,0.46704104308390026,0.6733811791383221,0.7862809523809524,49.19699115646258,74.85988458049887,0.774244671201814,0.9785149659863951
