,Network,Network2,Network3,Basic Linear,Basic Exp,Basic Log,Basic Qua,G&R
0,2339.985335480509,2341.786009653173,2201.0004030252067,1901.95281055133,846.6098368329948,928.0473979161366,1730.0118559649336,70.0325
1,712.7425882725375,697.301869525345,695.8996959885565,463.03661082043453,209403.57552863075,411840.9719432214,99.28411233290917,15.75456875
2,608.8104863019896,609.0405201040533,594.7549463698364,671.5243077546397,257.035453380231,368.113396599335,670.3652546882728,557.4731569886208
3,60.305938595516125,60.63446825088731,65.9249813967325,86.32515668387387,63918.82015704973,18307.513232326124,15.10824055685091,0.0
4,903.55,904.14,913.6,713.28,478.83,512.32,334.21,280.13
5,137.18750000000003,143.0804,162.20000000000002,103.86159999999998,49115.361099999995,29197.1976,3.8059000000000016,252.0731
6,0.975,0.955,0.925,1.0,1.02,1.0,1.02,1.01
7,0.021874999999999995,0.040475000000000004,0.066875,0.0,0.019599999999999992,0.0,0.019599999999999996,0.009899999999999997
