,Network,Network2,Network3,Basic Linear,Basic Exp,Basic Log,Basic Qua,G&R
0,3144.5003760858417,3137.6022329689004,3137.032403359406,2272.998508475136,824.7283507442378,1016.753712999614,2692.079603430008,273.62
1,1188.0919264801541,1016.9659094702214,953.282389608746,735.5956099215797,297925.1297224148,749019.6239204973,304.32908415114815,120.69560000000001
2,1040.7546384541283,1038.9059288622345,1036.2065454832673,917.6356230267048,244.8801225937111,232.74718733103475,1118.3256241770393,1116.488168478012
3,173.0180436853848,142.0691770752933,125.52991180353555,198.93044055743897,108943.41074129503,71592.42657982578,61.41555129468588,0.0
4,1230.79,1226.99,1227.67,1118.96,494.38,561.29,581.48,547.24
5,251.96590000000003,245.96989999999997,195.2011,412.9184,57542.23560000001,73288.34589999999,18.3096,482.78240000000005
6,23.80857142857143,23.70857142857143,23.926190476190477,26.328571428571433,40.90333333333333,39.25047619047619,38.87619047619048,39.63761904761904
7,0.707799546485261,0.5882666666666665,0.739971655328798,0.7430612244897958,32.502106802721094,42.830186848072564,0.8516553287981858,0.9841675736961447
