,Network,Network2,Network3,Basic Linear,Basic Exp,Basic Log,Basic Qua,G&R
0,2892.013894691967,2895.0743275126615,2889.601056574391,2146.5176207406894,857.0793778999754,1049.290378467257,2639.143740165066,276.09
1,1013.4254952936561,999.3095567871804,964.3211715406993,696.6007465755858,445128.51076825254,859629.3484858897,306.8221756570699,94.73189999999998
2,929.7242312436975,931.3884852758778,926.6421521513694,893.5477040041435,309.2113694341952,228.47330795703667,1119.6583489642142,1118.4398068785667
3,122.17062102556072,110.80406758720197,130.05057687989793,177.57341532839578,173350.6598935247,87687.69474050737,64.77086382835967,0.0
4,1146.92,1147.54,1145.65,1100.79,478.93,570.35,590.4,552.18
5,199.75359999999992,224.12840000000003,231.2475,348.0659000000001,69703.3051,84985.8475,19.779999999999998,378.9275999999999
6,0.505,0.58,0.53,0.685,0.99,0.9,1.0,1.0
7,0.232475,0.23360000000000003,0.24909999999999993,0.20827500000000002,0.049899999999999986,0.11,0.0,0.0
