,Network,Network2,Network3,Basic Linear,Basic Exp,Basic Log,Basic Qua,G&R
0,1165.3529474962652,1163.7444590487312,1065.4143578383507,876.1145279310704,592.0989972158771,732.440616167333,566.6483840906611,11.059000000000005
1,296.1186560066391,540.756419682022,339.8026615198373,139.5886001012521,44347.25652779922,179245.75536509554,24.86693892650318,1.0968190000000002
2,193.85804320735625,193.44631366548418,165.65943040672298,224.23676369221386,125.65715217172043,113.47956922489655,222.28890230262567,222.30298942327497
3,9.536869196605327,16.48311001364884,10.436578876912352,12.48509553978552,6062.428499119867,3496.8697951847225,3.8275399917139805,8.077935669463161e-28
4,515.5,514.86,481.11,225.83,355.01,433.79,107.05,110.59
5,83.57,145.06040000000002,112.5179,12.781099999999999,20900.109899999996,8626.6259,0.8874999999999997,109.6819
6,1.0,0.995,1.0,1.095,1.04,1.0,1.415,1.19
7,0.0,0.0024749999999999993,0.0,0.08347499999999997,0.03840000000000001,0.0,0.240275,0.1539
