,Network,Network2,Network3,Basic Linear,Basic Exp,Basic Log,Basic Qua,G&R
0,2070.2345368035994,2065.441012164133,1987.3284175838642,1841.253851900637,763.5101897060737,967.3323671328451,1713.6575183213963,69.13
1,752.4432988420681,642.3854701982119,571.4604387182524,614.449462085514,171149.40266436513,640537.0450985092,109.22580988991736,15.758099999999999
2,506.34108305006237,505.96303174779996,518.9379434277341,672.0951171043758,219.8019403155562,203.83227359205958,670.903775280643,557.5825099349022
3,53.82057180575626,50.548319602516585,49.98206261207536,126.67373182296045,52942.006568825345,44047.52656041119,16.79756329306023,0.0
4,822.36,822.2,853.74,722.27,458.64,522.76,336.47,276.52
5,162.0104,173.45999999999995,157.21239999999997,158.1171,42120.5304,46568.442400000014,4.289100000000001,252.12959999999998
6,32.97809523809524,33.135238095238094,32.22857142857143,35.23904761904762,41.539047619047615,40.19857142857143,44.45380952380953,46.0242857142857
7,0.7250984126984126,0.8908263038548754,0.9041723356009068,0.870883446712019,24.20312380952381,28.17446961451247,1.3381612244897965,1.7698183673469379
